Nose X,Nose Y,Nose Z,Left Shoulder X,Left Shoulder Y,Left Shoulder Z,Right Shoulder X,Right Shoulder Y,Right Shoulder Z,Label
715.4159545898438,584.799370765686,-1032.2540187835693,932.1522521972656,583.8815832138062,-685.0106906890869,519.6747589111328,569.1549253463745,-617.172646522522,bad
713.7117767333984,620.9936571121216,-1183.147201538086,966.1894989013672,688.4365367889404,-787.0632934570312,488.1737518310547,689.1480302810669,-748.2762336730957,bad
713.9482879638672,530.4682445526123,-1773.9301300048828,970.6346893310547,663.4810924530029,-1115.3204441070557,451.89125061035156,649.1735029220581,-1062.5350856781006,bad
638.8515090942383,289.28879499435425,-602.5522470474243,884.3428039550781,541.427493095398,-260.33924102783203,422.8579330444336,495.8655595779419,-253.94524097442627,bad
874.9742889404297,385.23924350738525,-677.0787334442139,981.5785217285156,617.714409828186,-278.46097469329834,499.21871185302734,498.72809886932373,-286.5097689628601,bad
764.7058868408203,484.0238857269287,-1317.0666790008545,989.3741607666016,615.7977247238159,-885.3429508209229,434.9620819091797,556.4816379547119,-804.1496086120605,bad
724.6382904052734,538.2501697540283,-1515.7785415649414,998.3665466308594,621.9422578811646,-965.637903213501,424.1619110107422,579.2242383956909,-949.4062900543213,bad
698.1604766845703,477.34333992004395,-1214.6967601776123,948.7444305419922,619.9139928817749,-490.74039459228516,395.42457580566406,614.805178642273,-587.0356464385986,bad
