Nose X,Nose Y,Nose Z,Left Shoulder X,Left Shoulder Y,Left Shoulder Z,Right Shoulder X,Right Shoulder Y,Right Shoulder Z,Label
629.4497680664062,287.50394582748413,-433.36373805999756,804.0882110595703,473.73737812042236,-177.69990921020508,483.49056243896484,482.5853633880615,-174.75903868675232,good
703.3231353759766,287.5495648384094,-363.5982370376587,879.2823028564453,479.8121738433838,-168.61419439315796,528.7790679931641,483.5458517074585,-141.75215005874634,good
656.7105865478516,202.5451898574829,-441.11579418182373,867.9037475585938,429.67756748199463,-206.22251987457275,464.4574737548828,429.08434867858887,-195.04281520843506,good
736.96533203125,278.17578077316284,-723.1391716003418,911.5534973144531,470.187292098999,-381.31399154663086,519.3691253662109,462.9663562774658,-415.9457302093506,good
664.0943145751953,245.10944366455078,-588.5984516143799,900.5513000488281,461.92853450775146,-284.28945779800415,472.78820037841797,459.9911642074585,-292.91531324386597,good
698.7648010253906,268.351686000824,-703.5650110244751,929.1033172607422,479.5012092590332,-411.4447259902954,472.5035095214844,483.0207824707031,-381.0392475128174,good
691.0728454589844,267.2727942466736,-1056.093406677246,916.0902404785156,536.3295793533325,-590.2785873413086,419.69486236572266,558.9240789413452,-564.3233013153076,good
694.6833801269531,282.08828687667847,-550.3344440460205,906.751708984375,529.0892887115479,-267.421452999115,423.97132873535156,538.5963249206543,-269.863486289978,good
